Player,Nation,Pos,Age,90s,Performance_CrdY,Performance_CrdR,Performance_2CrdY,Performance_Fls,Performance_Fld,Performance_Off,Performance_Crs,Performance_Int,Performance_TklW,Performance_PKwon,Performance_PKcon,Performance_OG,Performance_Recov,Aerial Duels_Won,Aerial Duels_Lost,Aerial Duels_Won%,Matches
Gabriel,br BRA,GK,31-058,30.7,3,0,0,0,4,0,0,0,1,0,0,0,22,9,1,90.0,Matches
Robson,br BRA,"MF,FW",32-178,24.7,12,0,0,58,47,3,51,19,28,4,1,0,112,56,60,48.3,Matches
Natanael,br BRA,DF,21-323,23.8,8,0,0,46,25,5,69,28,57,0,1,0,137,25,33,43.1,Matches
Marcelino Moreno,ar ARG,MF,29-152,23.6,6,0,0,25,71,3,149,12,18,1,1,0,145,5,22,18.5,Matches
Bruno Gomes,br BRA,MF,22-234,22.7,4,1,0,38,51,2,30,31,28,1,1,0,108,16,29,35.6,Matches
Henrique,br BRA,DF,37-041,22.5,7,0,0,22,5,0,0,18,5,0,0,0,75,33,34,49.3,Matches
Jamerson,br BRA,"DF,FW",25-076,19.5,4,0,0,21,10,3,57,26,29,0,0,0,140,25,21,54.3,Matches
Benjamín Kuscevic,cl CHI,DF,27-206,19.5,6,0,0,24,9,0,2,32,21,0,0,0,97,34,35,49.3,Matches
Victor Luis,br BRA,DF,30-154,16.4,4,0,0,19,11,0,63,26,21,0,1,1,86,15,25,37.5,Matches
Matheus Bianqui,br BRA,MF,25-297,13.2,8,0,0,35,24,3,8,15,24,0,0,1,69,33,31,51.6,Matches
Sebastián Gómez,co COL,MF,27-174,13.1,2,0,0,14,15,2,10,14,12,0,0,0,65,14,16,46.7,Matches
Islam Slimani,dz ALG,FW,35-159,9.1,2,1,1,12,11,9,2,0,0,0,0,0,15,26,21,55.3,Matches
Bruno Viana,br BRA,DF,28-292,9.0,4,0,0,13,1,0,2,12,6,0,0,0,40,19,10,65.5,Matches
Alef Manga,br BRA,"FW,MF",28-360,8.9,3,0,0,10,11,8,11,3,7,0,0,0,25,11,15,42.3,Matches
Willian Farias,br BRA,MF,34-171,8.8,5,1,1,13,8,0,1,20,10,0,0,0,56,11,9,55.0,Matches
Andrey Ramos do Nascimento,br BRA,MF,25-282,10.1,4,0,0,21,11,1,17,15,15,0,1,0,91,10,6,62.5,Matches
Liziero,br BRA,MF,25-290,6.5,1,0,0,9,6,0,5,8,10,0,0,0,39,6,2,75.0,Matches
Diogo,br BRA,"FW,MF",26-355,7.1,1,0,0,15,9,2,7,2,11,0,0,0,23,32,27,54.2,Matches
Thalisson Gabriel,br BRA,DF,21-308,7.0,1,0,0,3,4,0,1,6,3,0,0,0,31,12,8,60.0,Matches
Zé Roberto,br BRA,"FW,MF",30-071,5.8,4,1,1,19,19,1,2,1,4,0,0,0,22,22,18,55.0,Matches
Kaio,br BRA,"MF,FW",19-282,7.2,3,0,0,22,46,5,14,6,14,0,0,0,47,5,14,26.3,Matches
Jean Pedroso,br BRA,DF,19-300,6.5,1,0,0,6,2,0,0,8,9,0,1,0,26,8,7,53.3,Matches
Thiago Dombroski,br BRA,DF,21-157,5.1,4,0,0,9,1,0,0,5,2,0,0,0,18,8,5,61.5,Matches
Rodrigo Pinho,br BRA,FW,32-178,4.3,2,0,0,8,10,4,1,1,1,0,0,0,7,9,23,28.1,Matches
Fransérgio,br BRA,MF,33-037,5.9,1,0,0,7,7,1,3,5,4,0,0,0,33,12,17,41.4,Matches
Diogo Batista,br BRA,"DF,MF",20-087,4.7,1,0,0,8,3,0,13,2,2,0,0,0,20,4,5,44.4,Matches
Andreas Samaris,gr GRE,MF,34-164,2.0,1,0,0,6,2,0,0,4,2,0,0,0,13,1,0,100.0,Matches
Maurício Garcez,br BRA,"MF,FW",26-253,5.4,0,0,0,6,15,1,8,0,6,0,0,0,20,15,19,44.1,Matches
Gabriel Boschilia,br BRA,"MF,FW",27-264,3.8,1,0,0,6,7,0,15,1,5,0,0,0,26,2,5,28.6,Matches
Jhon Chancellor,ve VEN,DF,31-326,3.4,0,0,0,2,1,1,0,2,4,0,0,0,7,6,7,46.2,Matches
Hayner,br BRA,DF,28-053,3.3,3,0,0,9,10,0,12,1,4,0,0,0,19,4,5,44.4,Matches
Luan Polli,br BRA,GK,30-232,3.3,2,0,0,0,1,0,0,0,0,0,0,0,2,1,2,33.3,Matches
Júnior Urso,br BRA,MF,34-259,3.3,2,0,0,4,10,0,1,2,3,0,0,0,14,5,4,55.6,Matches
Reynaldo Cesar Moraes,br BRA,DF,26-325,2.1,3,0,0,6,2,0,0,7,2,0,1,0,5,6,3,66.7,Matches
Edu,br BRA,"FW,MF",30-264,2.0,0,0,0,1,0,2,3,0,0,0,0,0,3,5,4,55.6,Matches
Marcos Vinicius,br BRA,"DF,MF",26-243,1.9,1,0,0,4,2,1,7,4,4,0,1,0,12,3,2,60.0,Matches
William Pottker,br BRA,"FW,MF",29-337,1.3,1,0,0,3,3,1,2,1,2,0,0,0,13,2,3,40.0,Matches
Maurício Antônio,br BRA,DF,31-291,1.0,0,0,0,1,0,0,0,0,0,0,0,0,6,2,1,66.7,Matches
Gustavo Vilar,br BRA,DF,23-220,1.0,0,0,0,0,0,0,0,1,0,0,0,0,6,1,0,100.0,Matches
Lucas Barbosa,br BRA,"MF,FW",22-275,1.1,0,0,0,7,5,0,1,2,2,0,0,0,8,1,4,20.0,Matches
Jesé,es ESP,MF,30-271,0.9,0,0,0,0,0,0,3,0,0,0,0,0,6,1,2,33.3,Matches
Wesley Pombo,br BRA,MF,21-175,0.6,1,0,0,2,0,0,1,0,0,0,0,0,2,0,1,0.0,Matches
Ruan Lucas,br BRA,"MF,FW",19-218,0.3,0,0,0,0,0,0,1,0,0,0,0,0,1,0,1,0.0,Matches
Gabriel Silva,br BRA,MF,21-144,0.1,0,0,0,0,0,0,0,0,1,0,0,0,0,0,0,,Matches
Squad Total,,,28.3,34.0,116,4,3,534,479,58,572,340,377,6,9,2,1712,515,557,48.0,
Opponent Total,,,28.4,34.0,90,3,2,505,509,45,752,295,362,7,9,1,1768,557,515,52.0,
