Player,Nation,Pos,Age,Playing Time_MP,Playing Time_Min,Playing Time_Mn/MP,Playing Time_Min%,Playing Time_90s,Starts_Starts,Starts_Mn/Start,Starts_Compl,Subs_Subs,Subs_Mn/Sub,Subs_unSub,Team Success_PPM,Team Success_onG,Team Success_onGA,Team Success_+/-,Team Success_+/-90,Team Success_On-Off,Team Success (xG)_onxG,Team Success (xG)_onxGA,Team Success (xG)_xG+/-,Team Success (xG)_xG+/-90,Team Success (xG)_On-Off,Matches
Gabriel,br BRA,GK,31-058,31,2765.0,89.0,90.4,30.7,31,89.0,30,0,,0,0.84,32.0,60.0,-28.0,-0.91,-0.91,30.8,47.5,-16.8,-0.55,-0.12,Matches
Robson,br BRA,"MF,FW",32-178,30,2226.0,74.0,72.7,24.7,28,77.0,11,2,37.0,1,0.87,31.0,45.0,-14.0,-0.57,0.94,27.9,37.2,-9.3,-0.38,0.58,Matches
Natanael,br BRA,DF,21-323,29,2146.0,74.0,70.1,23.8,25,81.0,16,4,28.0,3,0.9,28.0,39.0,-11.0,-0.46,1.21,23.7,32.0,-8.3,-0.35,0.62,Matches
Marcelino Moreno,ar ARG,MF,29-152,29,2126.0,73.0,69.5,23.6,25,80.0,12,4,29.0,3,0.83,28.0,41.0,-13.0,-0.55,0.9,24.9,34.3,-9.5,-0.4,0.44,Matches
Bruno Gomes,br BRA,MF,22-234,27,2047.0,76.0,66.9,22.7,24,81.0,12,3,38.0,0,0.74,26.0,42.0,-16.0,-0.7,0.36,24.1,35.2,-11.0,-0.49,0.15,Matches
Henrique,br BRA,DF,37-041,24,2024.0,84.0,66.1,22.5,23,88.0,21,1,9.0,5,1.13,30.0,38.0,-8.0,-0.36,1.38,23.5,31.5,-7.9,-0.35,0.53,Matches
Jamerson,br BRA,"DF,FW",25-076,27,1759.0,65.0,57.5,19.5,20,81.0,14,7,19.0,5,0.93,23.0,44.0,-21.0,-1.07,-0.59,23.5,34.1,-10.7,-0.55,-0.03,Matches
Benjamín Kuscevic,cl CHI,DF,27-206,20,1755.0,88.0,57.4,19.5,20,88.0,19,0,,0,0.9,21.0,42.0,-21.0,-1.08,-0.59,21.5,34.3,-12.8,-0.66,-0.29,Matches
Victor Luis,br BRA,DF,30-154,23,1478.0,64.0,48.3,16.4,16,81.0,8,7,27.0,10,1.13,18.0,25.0,-7.0,-0.43,0.77,14.6,21.7,-7.1,-0.43,0.2,Matches
Matheus Bianqui,br BRA,MF,25-297,24,1192.0,50.0,39.0,13.2,15,65.0,2,9,23.0,6,0.88,14.0,24.0,-10.0,-0.76,0.11,12.6,17.5,-4.9,-0.37,0.27,Matches
Sebastián Gómez,co COL,MF,27-174,17,1179.0,69.0,38.5,13.1,15,73.0,4,2,39.0,0,0.88,19.0,28.0,-9.0,-0.69,0.22,13.4,23.8,-10.4,-0.8,-0.43,Matches
Islam Slimani,dz ALG,FW,35-159,11,817.0,74.0,26.7,9.1,10,78.0,4,1,39.0,0,1.09,12.0,19.0,-7.0,-0.77,0.07,8.5,13.9,-5.4,-0.6,-0.09,Matches
Bruno Viana,br BRA,DF,28-292,10,811.0,81.0,26.5,9.0,9,89.0,8,1,14.0,3,0.55,11.0,20.0,-9.0,-1.0,-0.24,8.3,16.1,-7.8,-0.87,-0.45,Matches
Alef Manga,br BRA,"FW,MF",28-360,10,804.0,80.0,26.3,8.9,9,87.0,8,1,17.0,0,0.8,9.0,17.0,-8.0,-0.9,-0.1,10.0,13.4,-3.5,-0.39,0.2,Matches
Willian Farias,br BRA,MF,34-171,12,795.0,66.0,26.0,8.8,9,79.0,7,3,28.0,3,0.83,11.0,17.0,-6.0,-0.68,0.19,9.2,11.3,-2.1,-0.24,0.39,Matches
Andrey Ramos do Nascimento,br BRA,MF,25-282,22,908.0,41.0,29.7,10.1,8,71.0,2,14,24.0,11,0.95,13.0,19.0,-6.0,-0.59,0.33,11.3,16.3,-5.0,-0.49,0.06,Matches
Liziero,br BRA,MF,25-290,10,586.0,59.0,19.2,6.5,8,70.0,2,2,15.0,2,0.3,6.0,11.0,-5.0,-0.77,0.07,5.1,9.0,-3.9,-0.61,-0.09,Matches
Diogo,br BRA,"FW,MF",26-355,13,641.0,49.0,20.9,7.1,7,67.0,1,6,28.0,1,1.15,10.0,14.0,-4.0,-0.56,0.33,6.3,9.6,-3.3,-0.47,0.08,Matches
Thalisson Gabriel,br BRA,DF,21-308,7,630.0,90.0,20.6,7.0,7,90.0,7,0,,2,1.29,9.0,11.0,-2.0,-0.29,0.68,8.1,7.9,0.2,0.03,0.72,Matches
Zé Roberto,br BRA,"FW,MF",30-071,10,523.0,52.0,17.1,5.8,7,65.0,0,3,22.0,2,0.5,7.0,10.0,-3.0,-0.52,0.37,5.4,8.4,-3.0,-0.52,0.02,Matches
Kaio,br BRA,"MF,FW",19-282,21,644.0,31.0,21.0,7.2,6,55.0,0,15,21.0,4,0.95,7.0,19.0,-12.0,-1.68,-1.08,7.1,14.2,-7.0,-0.98,-0.57,Matches
Jean Pedroso,br BRA,DF,19-300,7,584.0,83.0,19.1,6.5,6,90.0,5,1,45.0,12,0.71,4.0,12.0,-8.0,-1.23,-0.51,7.7,9.0,-1.2,-0.19,0.42,Matches
Thiago Dombroski,br BRA,DF,21-157,6,459.0,77.0,15.0,5.1,6,77.0,2,0,,2,0.83,6.0,11.0,-5.0,-0.98,-0.18,5.3,10.7,-5.4,-1.06,-0.62,Matches
Rodrigo Pinho,br BRA,FW,32-178,10,385.0,39.0,12.6,4.3,5,53.0,0,5,24.0,7,1.1,3.0,10.0,-7.0,-1.64,-0.93,5.0,8.2,-3.2,-0.76,-0.26,Matches
Fransérgio,br BRA,MF,33-037,15,534.0,36.0,17.5,5.9,4,61.0,0,11,26.0,6,1.07,8.0,14.0,-6.0,-1.01,-0.23,8.8,12.4,-3.7,-0.62,-0.11,Matches
Diogo Batista,br BRA,"DF,MF",20-087,9,427.0,47.0,14.0,4.7,4,71.0,2,5,29.0,7,1.11,6.0,8.0,-2.0,-0.42,0.47,6.6,7.8,-1.2,-0.25,0.33,Matches
Andreas Samaris,gr GRE,MF,34-164,4,183.0,46.0,6.0,2.0,4,46.0,0,0,,6,0.0,2.0,10.0,-8.0,-3.93,-3.31,1.5,6.3,-4.9,-2.39,-1.98,Matches
Maurício Garcez,br BRA,"MF,FW",26-253,12,486.0,41.0,15.9,5.4,3,77.0,0,9,28.0,6,1.0,7.0,8.0,-1.0,-0.19,0.76,7.7,6.3,1.3,0.25,0.93,Matches
Gabriel Boschilia,br BRA,"MF,FW",27-264,11,344.0,31.0,11.2,3.8,3,64.0,0,8,19.0,3,0.73,3.0,11.0,-8.0,-2.09,-1.43,3.4,7.0,-3.6,-0.93,-0.45,Matches
Jhon Chancellor,ve VEN,DF,31-326,4,303.0,76.0,9.9,3.4,3,90.0,2,1,34.0,1,0.25,3.0,9.0,-6.0,-1.78,-1.06,1.9,6.3,-4.4,-1.3,-0.85,Matches
Hayner,br BRA,DF,28-053,7,299.0,43.0,9.8,3.3,3,67.0,0,4,24.0,2,0.86,4.0,11.0,-7.0,-2.11,-1.42,3.6,8.7,-5.1,-1.55,-1.12,Matches
Luan Polli,br BRA,GK,30-232,4,295.0,74.0,9.6,3.3,3,90.0,3,1,25.0,28,1.2,9.0,8.0,1.0,0.31,1.25,5.1,6.5,-1.4,-0.42,0.12,Matches
Júnior Urso,br BRA,MF,34-259,6,298.0,50.0,9.7,3.3,2,74.0,1,4,38.0,0,0.33,1.0,6.0,-5.0,-1.51,-0.76,2.5,6.3,-3.7,-1.13,-0.66,Matches
Reynaldo Cesar Moraes,br BRA,DF,26-325,4,189.0,47.0,6.2,2.1,1,90.0,1,3,33.0,7,1.5,3.0,5.0,-2.0,-0.95,-0.14,2.7,5.4,-2.7,-1.3,-0.81,Matches
Edu,br BRA,"FW,MF",30-264,7,184.0,26.0,6.0,2.0,1,62.0,0,6,20.0,8,0.57,2.0,4.0,-2.0,-0.98,-0.16,3.6,3.2,0.5,0.22,0.8,Matches
Marcos Vinicius,br BRA,"DF,MF",26-243,5,173.0,35.0,5.7,1.9,1,90.0,1,4,21.0,6,0.6,2.0,6.0,-4.0,-2.08,-1.33,1.2,6.6,-5.5,-2.83,-2.43,Matches
William Pottker,br BRA,"FW,MF",29-337,4,116.0,29.0,3.8,1.3,1,53.0,0,3,21.0,2,0.5,0.0,4.0,-4.0,-3.1,-2.37,0.6,2.1,-1.5,-1.14,-0.63,Matches
Maurício Antônio,br BRA,DF,31-291,1,90.0,90.0,2.9,1.0,1,90.0,1,0,,2,0.0,1.0,2.0,-1.0,-1.0,-0.18,0.8,1.6,-0.9,-0.86,-0.33,Matches
Gustavo Vilar,br BRA,DF,23-220,1,90.0,90.0,2.9,1.0,1,90.0,1,0,,8,0.0,0.0,3.0,-3.0,-3.0,-2.24,0.7,2.6,-1.9,-1.88,-1.38,Matches
Lucas Barbosa,br BRA,"MF,FW",22-275,5,102.0,20.0,3.3,1.1,0,,0,5,20.0,7,0.0,0.0,3.0,-3.0,-2.65,-1.89,2.6,0.7,1.9,1.68,2.29,Matches
Jesé,es ESP,MF,30-271,5,83.0,17.0,2.7,0.9,0,,0,5,17.0,7,0.0,1.0,5.0,-4.0,-4.34,-3.61,0.8,2.4,-1.6,-1.7,-1.2,Matches
Wesley Pombo,br BRA,MF,21-175,1,50.0,50.0,1.6,0.6,0,,0,1,50.0,5,1.0,1.0,0.0,1.0,1.8,2.67,0.9,0.6,0.3,0.62,1.17,Matches
Ruan Lucas,br BRA,"MF,FW",19-218,4,29.0,7.0,0.9,0.3,0,,0,4,7.0,6,0.25,1.0,0.0,1.0,3.1,3.96,0.7,0.4,0.3,0.98,1.53,Matches
Gabriel Silva,br BRA,MF,21-144,1,5.0,5.0,0.2,0.1,0,,0,1,5.0,12,3.0,1.0,1.0,0.0,0.0,0.82,1.0,1.1,-0.1,-1.59,-1.05,Matches
Matheus Cadorini,br BRA,FW,21-084,0,,,,,0,,0,0,,2,,,,,,,,,,,,Matches
Jean Gabriel,br BRA,MF,20-282,0,,,,,0,,0,0,,4,,,,,,,,,,,,Matches
Bernardo Lemes,br BRA,MF,21-320,0,,,,,0,,0,0,,1,,,,,,,,,,,,Matches
Pedro Luccas,br BRA,GK,19-318,0,,,,,0,,0,0,,5,,,,,,,,,,,,Matches
Marcao,br BRA,GK,23-219,0,,,,,0,,0,0,,7,,,,,,,,,,,,Matches
Lucas Ronier,br BRA,FW,18-363,0,,,,,0,,0,0,,1,,,,,,,,,,,,Matches
Jesús Trindade,uy URU,MF,30-137,0,,,,,0,,0,0,,3,,,,,,,,,,,,Matches
Squad Total,,,28.3,34,3060.0,90.0,100.0,34.0,374,79.0,207,166,24.0,234,0.85,39.0,67.0,-28.0,-0.82,,35.8,54.0,-18.2,-0.53,,
Opponent Total,,,28.4,34,3060.0,90.0,100.0,34.0,374,79.0,207,165,23.0,238,2.0,67.0,39.0,28.0,0.82,,54.0,35.8,18.2,0.53,,
