Player,Nation,Pos,Age,90s,Standard_Gls,Standard_Sh,Standard_SoT,Standard_SoT%,Standard_Sh/90,Standard_SoT/90,Standard_G/Sh,Standard_G/SoT,Standard_Dist,Standard_FK,Standard_PK,Standard_PKatt,Expected_xG,Expected_npxG,Expected_npxG/Sh,Expected_G-xG,Expected_np:G-xG,Matches
João Paulo,br BRA,GK,28-148,31.7,0,0,0,,0.0,0.0,,,,0,0,0,0.0,0.0,,0.0,0.0,Matches
Joaquim,br BRA,DF,24-331,27.3,1,28,7,25.0,1.02,0.26,0.04,0.14,12.5,0,0,0,1.9,1.9,0.07,-0.9,-0.9,Matches
Lucas Lima,br BRA,"MF,FW",33-138,23.3,1,23,5,21.7,0.99,0.21,0.04,0.2,21.0,6,0,0,1.7,1.7,0.08,-0.7,-0.7,Matches
Marcos Leonardo,br BRA,FW,20-206,25.9,13,70,25,35.7,2.7,0.97,0.13,0.36,16.5,7,4,4,12.0,8.8,0.13,1.0,0.2,Matches
Messias,br BRA,DF,29-021,22.6,0,12,5,41.7,0.53,0.22,0.0,0.0,11.4,0,0,0,1.3,1.3,0.1,-1.3,-1.3,Matches
Rodrigo Fernández,uy URU,MF,27-325,19.7,1,13,3,23.1,0.66,0.15,0.08,0.33,22.9,0,0,0,0.9,0.9,0.07,0.1,0.1,Matches
Dodi,br BRA,MF,27-221,18.6,0,12,4,33.3,0.64,0.21,0.0,0.0,25.9,2,0,0,0.9,0.9,0.07,-0.9,-0.9,Matches
Lucas Braga,br BRA,"DF,FW",27-014,18.1,0,9,1,11.1,0.5,0.06,0.0,0.0,15.2,0,0,0,0.3,0.3,0.03,-0.3,-0.3,Matches
Stiven Mendoza,co COL,"FW,MF",31-150,17.1,6,38,12,31.6,2.22,0.7,0.11,0.33,18.6,0,2,2,4.9,3.3,0.09,1.1,0.7,Matches
Jean Lucas,br BRA,MF,25-155,16.3,0,36,7,19.4,2.2,0.43,0.0,0.0,23.8,7,0,0,1.6,1.6,0.04,-1.6,-1.6,Matches
Dodô,br BRA,DF,31-291,14.1,0,6,0,0.0,0.42,0.0,0.0,,8.7,0,0,0,0.5,0.5,0.08,-0.5,-0.5,Matches
Yeferson Soteldo,ve VEN,"FW,MF",26-147,13.3,1,24,10,41.7,1.81,0.75,0.04,0.1,21.8,6,0,0,1.7,1.7,0.07,-0.7,-0.7,Matches
João Othavio Basso,br BRA,DF,26-315,12.1,0,6,0,0.0,0.5,0.0,0.0,,15.8,0,0,0,0.4,0.4,0.07,-0.4,-0.4,Matches
Tomás Rincón,ve VEN,MF,35-315,11.8,2,11,3,27.3,0.93,0.25,0.18,0.67,14.4,0,0,0,1.4,1.4,0.13,0.6,0.6,Matches
Gabriel Inocêncio,br BRA,DF,29-096,12.6,0,9,3,33.3,0.71,0.24,0.0,0.0,22.0,0,0,0,0.3,0.3,0.03,-0.3,-0.3,Matches
Kevyson,br BRA,DF,19-240,10.0,0,6,2,33.3,0.6,0.2,0.0,0.0,24.0,0,0,0,0.1,0.1,0.02,-0.1,-0.1,Matches
João Lucas,br BRA,DF,25-260,9.0,0,8,1,12.5,0.89,0.11,0.0,0.0,19.4,0,0,0,0.2,0.2,0.03,-0.2,-0.2,Matches
Lucas,br BRA,DF,22-245,6.8,0,4,3,75.0,0.59,0.44,0.0,0.0,21.2,0,0,0,0.1,0.1,0.02,-0.1,-0.1,Matches
Nathan,br BRA,DF,22-080,5.5,0,2,0,0.0,0.37,0.0,0.0,,19.9,0,0,0,0.1,0.1,0.03,-0.1,-0.1,Matches
Ângelo Borges,br BRA,"FW,MF",18-338,6.0,2,6,3,50.0,1.0,0.5,0.33,0.67,16.9,0,0,0,1.1,1.1,0.18,0.9,0.9,Matches
Nonato,br BRA,MF,25-266,5.4,1,8,2,25.0,1.47,0.37,0.13,0.5,24.5,0,0,0,0.4,0.4,0.05,0.6,0.6,Matches
Alex,br BRA,DF,24-198,5.1,0,4,2,50.0,0.79,0.4,0.0,0.0,11.4,0,0,0,0.1,0.1,0.03,-0.1,-0.1,Matches
Deivid Washington,br BRA,FW,18-172,4.7,2,17,7,41.2,3.58,1.48,0.12,0.29,17.8,0,0,0,1.7,1.7,0.1,0.3,0.3,Matches
Julio Furch,ar ARG,"FW,MF",34-118,4.8,3,12,7,58.3,2.48,1.45,0.25,0.43,12.1,0,0,0,2.3,2.3,0.19,0.7,0.7,Matches
Guilherme Camacho,br BRA,MF,33-267,4.5,0,0,0,,0.0,0.0,,,,0,0,0,0.0,0.0,,0.0,0.0,Matches
Maximiliano Silvera,uy URU,"FW,MF",26-080,3.8,1,9,5,55.6,2.38,1.32,0.11,0.2,15.1,0,0,0,2.2,2.2,0.24,-1.2,-1.2,Matches
Eduardo Gabriel,br BRA,DF,27-284,3.0,1,8,2,25.0,2.68,0.67,0.13,0.5,12.1,0,0,0,0.4,0.4,0.05,0.6,0.6,Matches
Daniel Ruiz Rivera,co COL,"FW,MF",22-117,2.7,0,2,0,0.0,0.73,0.0,0.0,,23.1,1,0,0,0.1,0.1,0.06,-0.1,-0.1,Matches
Vladimir,br BRA,GK,34-131,2.3,0,0,0,,0.0,0.0,,,,0,0,0,0.0,0.0,,0.0,0.0,Matches
Sandry,br BRA,MF,21-086,2.1,0,0,0,,0.0,0.0,,,,0,0,0,0.0,0.0,,0.0,0.0,Matches
Alison,br BRA,MF,30-268,1.5,0,0,0,,0.0,0.0,,,,0,0,0,0.0,0.0,,0.0,0.0,Matches
Luan Dias,br BRA,"MF,FW",26-116,2.1,0,0,0,,0.0,0.0,,,,0,0,0,0.0,0.0,,0.0,0.0,Matches
Júnior Caiçara,br BRA,DF,34-211,1.9,0,0,0,,0.0,0.0,,,,0,0,0,0.0,0.0,,0.0,0.0,Matches
Lucas Barbosa,br BRA,"FW,MF",22-275,1.1,0,1,1,100.0,0.87,0.87,0.0,0.0,6.4,0,0,0,0.3,0.3,0.29,-0.3,-0.3,Matches
Felipe Jonatan,br BRA,DF,25-282,1.0,0,0,0,,0.0,0.0,,,,0,0,0,0.0,0.0,,0.0,0.0,Matches
Alfredo Morelos,co COL,FW,27-156,0.8,0,2,1,50.0,2.54,1.27,0.0,0.0,22.5,0,0,0,0.0,0.0,0.02,0.0,0.0,Matches
Bruno Mezenga,br BRA,"FW,MF",35-108,1.9,0,5,1,20.0,2.68,0.54,0.0,0.0,13.7,0,0,0,0.3,0.3,0.07,-0.3,-0.3,Matches
Weslley Patati,br BRA,"FW,MF",20-054,1.0,0,6,1,16.7,6.07,1.01,0.0,0.0,17.4,0,0,0,0.6,0.6,0.1,-0.6,-0.6,Matches
Maicon,br BRA,DF,35-071,0.5,0,1,1,100.0,2.0,2.0,0.0,0.0,10.3,0,0,0,0.1,0.1,0.06,-0.1,-0.1,Matches
Ed Carlos,br BRA,"MF,FW",22-250,0.4,0,1,0,0.0,2.5,0.0,0.0,,31.5,0,0,0,0.0,0.0,0.02,0.0,0.0,Matches
Miguel Terceros,bo BOL,"MF,FW",19-213,0.4,0,1,0,0.0,2.65,0.0,0.0,,34.2,0,0,0,0.0,0.0,0.02,0.0,0.0,Matches
Vinicius,br BRA,MF,24-180,0.3,0,0,0,,0.0,0.0,,,,0,0,0,0.0,0.0,,0.0,0.0,Matches
Cadu,br BRA,DF,21-276,0.2,0,0,0,,0.0,0.0,,,,0,0,0,0.0,0.0,,0.0,0.0,Matches
Ivonei,br BRA,MF,21-222,0.0,0,0,0,,0.0,0.0,,,,0,0,0,0.0,0.0,,0.0,0.0,Matches
Jair Paula,br BRA,DF,18-262,0.0,0,0,0,,0.0,0.0,,,,0,0,0,0.0,0.0,,0.0,0.0,Matches
Luiz Felipe,br BRA,DF,30-076,0.0,0,0,0,,0.0,0.0,,,,0,0,0,0.0,0.0,,0.0,0.0,Matches
Squad Total,,,27.3,34.0,35,400,124,31.0,11.76,3.65,0.07,0.23,18.1,29,6,6,38.9,34.2,0.09,-3.9,-5.2,
Opponent Total,,,28.3,34.0,52,489,175,35.8,14.38,5.15,0.1,0.27,18.6,21,4,6,46.2,41.7,0.09,5.8,6.3,
